#

INSERT INTO `tiktok`.`users` (`id`, `name`, `password`)
VALUES (1, 'zhangbowen', '77a90868207689664f244ad398a871fc');
INSERT INTO `tiktok`.`users` (`id`, `name`, `password`)
VALUES (2, 'zhangbowen1', '9e45c2b95fd89642f4219b28537c652c');
INSERT INTO `tiktok`.`users` (`id`, `name`, `password`)
VALUES (3, 'bowenzhang', '77a90868207689664f244ad398a871fc');
INSERT INTO `tiktok`.`users` (`id`, `name`, `password`)
VALUES (4, 'lichangyuan', '77a90868207689664f244ad398a871fc');
INSERT INTO `tiktok`.`users` (`id`, `name`, `password`)
VALUES (5, 'sunshixin', 'de9ae573b41776f624526219666336d2');
INSERT INTO `tiktok`.`users` (`id`, `name`, `password`)
VALUES (6, 'tandonghang', '77a90868207689664f244ad398a871fc');
INSERT INTO `tiktok`.`users` (`id`, `name`, `password`)
VALUES (7, 'tuzhuangzhuang', '77a90868207689664f244ad398a871fc');
INSERT INTO `tiktok`.`users` (`id`, `name`, `password`)
VALUES (8, 'zhangchangyueyan', '77a90868207689664f244ad398a871fc');
INSERT INTO `tiktok`.`users` (`id`, `name`, `password`)
VALUES (9, '李常远', '77a90868207689664f244ad398a871fc');
INSERT INTO `tiktok`.`users` (`id`, `name`, `password`)
VALUES (10, '张博文', '77a90868207689664f244ad398a871fc');

#

INSERT INTO `tiktok`.`videos` (`id`, `author_id`, `play_url`, `cover_url`, `title`, `publish_time`)
VALUES (1, 1, 'https://tiktok-video-1313520634.cos.ap-beijing.myqcloud.com/36924f94fdf64cb3e3cfca3956fa6d9c.mp4',
        'https://tiktok-video-1313520634.cos.ap-beijing.myqcloud.com/36924f94fdf64cb3e3cfca3956fa6d9c.jpg', 'test',
        '2023-02-02 19:49:36');
INSERT INTO `tiktok`.`videos` (`id`, `author_id`, `play_url`, `cover_url`, `title`, `publish_time`)
VALUES (2, 2, 'https://tiktok-video-1313520634.cos.ap-beijing.myqcloud.com/664bc4e86cfae46338056e7ec016555e.mp4',
        'https://tiktok-video-1313520634.cos.ap-beijing.myqcloud.com/664bc4e86cfae46338056e7ec016555e.jpg', 'test',
        '2023-02-02 19:50:58');
INSERT INTO `tiktok`.`videos` (`id`, `author_id`, `play_url`, `cover_url`, `title`, `publish_time`)
VALUES (3, 3, 'https://tiktok-video-1313520634.cos.ap-beijing.myqcloud.com/aefa322953ccc87ffe59525ad1b4e1c0.mp4',
        'https://tiktok-video-1313520634.cos.ap-beijing.myqcloud.com/aefa322953ccc87ffe59525ad1b4e1c0.jpg', 'test',
        '2023-02-02 19:51:42');
INSERT INTO `tiktok`.`videos` (`id`, `author_id`, `play_url`, `cover_url`, `title`, `publish_time`)
VALUES (4, 4, 'https://tiktok-video-1313520634.cos.ap-beijing.myqcloud.com/b31512aa2916f3ab484f8a4be569a0fa.mp4',
        'https://tiktok-video-1313520634.cos.ap-beijing.myqcloud.com/b31512aa2916f3ab484f8a4be569a0fa.jpg', 'test',
        '2023-02-02 19:51:49');
INSERT INTO `tiktok`.`videos` (`id`, `author_id`, `play_url`, `cover_url`, `title`, `publish_time`)
VALUES (5, 5, 'https://tiktok-video-1313520634.cos.ap-beijing.myqcloud.com/a1da2b17a124aa88d0134d75d3983b5f.mp4',
        'https://tiktok-video-1313520634.cos.ap-beijing.myqcloud.com/a1da2b17a124aa88d0134d75d3983b5f.jpg', 'test',
        '2023-02-02 19:51:56');
INSERT INTO `tiktok`.`videos` (`id`, `author_id`, `play_url`, `cover_url`, `title`, `publish_time`)
VALUES (6, 2, 'https://tiktok-video-1313520634.cos.ap-beijing.myqcloud.com/dad18708c59804da1f3abb996cb56770.mp4',
        'https://tiktok-video-1313520634.cos.ap-beijing.myqcloud.com/dad18708c59804da1f3abb996cb56770.jpg', 'test',
        '2023-02-02 19:52:00');
INSERT INTO `tiktok`.`videos` (`id`, `author_id`, `play_url`, `cover_url`, `title`, `publish_time`)
VALUES (7, 1, 'https://tiktok-video-1313520634.cos.ap-beijing.myqcloud.com/36924f94fdf64cb3e3cfca3956fa6d9c.mp4',
        'https://tiktok-video-1313520634.cos.ap-beijing.myqcloud.com/36924f94fdf64cb3e3cfca3956fa6d9c.jpg', 'test',
        '2023-02-02 19:52:04');
INSERT INTO `tiktok`.`videos` (`id`, `author_id`, `play_url`, `cover_url`, `title`, `publish_time`)
VALUES (8, 2, 'https://tiktok-video-1313520634.cos.ap-beijing.myqcloud.com/bea309f6840bee5d95c233616b3f1f34.mp4',
        'https://tiktok-video-1313520634.cos.ap-beijing.myqcloud.com/bea309f6840bee5d95c233616b3f1f34.jpg', 'test',
        '2023-02-02 19:52:09');
INSERT INTO `tiktok`.`videos` (`id`, `author_id`, `play_url`, `cover_url`, `title`, `publish_time`)
VALUES (9, 3, 'https://tiktok-video-1313520634.cos.ap-beijing.myqcloud.com/dbd19a6cba6bcf02027613b4caefdce8.mp4',
        'https://tiktok-video-1313520634.cos.ap-beijing.myqcloud.com/dbd19a6cba6bcf02027613b4caefdce8.jpg', 'test',
        '2023-02-02 19:52:38');
INSERT INTO `tiktok`.`videos` (`id`, `author_id`, `play_url`, `cover_url`, `title`, `publish_time`)
VALUES (10, 5, 'https://tiktok-video-1313520634.cos.ap-beijing.myqcloud.com/b29672e25430abc8eb31daecda52b8cb.mp4',
        'https://tiktok-video-1313520634.cos.ap-beijing.myqcloud.com/b29672e25430abc8eb31daecda52b8cb.jpg', 'test',
        '2023-02-02 19:52:43');
INSERT INTO `tiktok`.`videos` (`id`, `author_id`, `play_url`, `cover_url`, `title`, `publish_time`)
VALUES (11, 1, 'https://tiktok-video-1313520634.cos.ap-beijing.myqcloud.com/1671fadf2ac23fed56996c3dc935ce92.mp4',
        'https://tiktok-video-1313520634.cos.ap-beijing.myqcloud.com/1671fadf2ac23fed56996c3dc935ce92.jpg', 'test',
        '2023-02-02 19:52:47');
#

INSERT INTO `tiktok`.`likes` (`id`, `user_id`, `video_id`, `is_cancel`, `createTime`, `updateTime`)
VALUES (1, 1, 2, 1, '2023-01-26 18:01:28', '2023-01-29 21:52:03');
INSERT INTO `tiktok`.`likes` (`id`, `user_id`, `video_id`, `is_cancel`, `createTime`, `updateTime`)
VALUES (3, 2, 3, 0, '2023-01-29 17:39:47', '2023-01-29 19:52:09');
INSERT INTO `tiktok`.`likes` (`id`, `user_id`, `video_id`, `is_cancel`, `createTime`, `updateTime`)
VALUES (4, 3, 4, 0, '2023-01-29 17:39:51', '2023-01-29 19:52:09');
INSERT INTO `tiktok`.`likes` (`id`, `user_id`, `video_id`, `is_cancel`, `createTime`, `updateTime`)
VALUES (5, 1, 3, 1, '2023-01-29 17:39:58', '2023-01-29 21:52:08');
INSERT INTO `tiktok`.`likes` (`id`, `user_id`, `video_id`, `is_cancel`, `createTime`, `updateTime`)
VALUES (6, 2, 2, 0, '2023-01-29 17:40:06', '2023-01-29 19:52:11');
INSERT INTO `tiktok`.`likes` (`id`, `user_id`, `video_id`, `is_cancel`, `createTime`, `updateTime`)
VALUES (7, 1, 5, 0, '2023-01-29 17:40:10', '2023-01-29 19:52:11');
INSERT INTO `tiktok`.`likes` (`id`, `user_id`, `video_id`, `is_cancel`, `createTime`, `updateTime`)
VALUES (8, 3, 5, 0, '2023-01-29 17:40:20', '2023-01-29 19:52:15');
INSERT INTO `tiktok`.`likes` (`id`, `user_id`, `video_id`, `is_cancel`, `createTime`, `updateTime`)
VALUES (13, 2, 1, 0, '2023-01-29 20:35:08', '2023-01-29 21:47:59');
INSERT INTO `tiktok`.`likes` (`id`, `user_id`, `video_id`, `is_cancel`, `createTime`, `updateTime`)
VALUES (15, 1, 1, 0, '2023-01-29 21:40:42', '2023-01-29 21:42:11');
INSERT INTO `tiktok`.`likes` (`id`, `user_id`, `video_id`, `is_cancel`, `createTime`, `updateTime`)
VALUES (17, 1, 3, 1, '2023-01-29 21:49:55', '2023-01-29 21:52:08');
INSERT INTO `tiktok`.`likes` (`id`, `user_id`, `video_id`, `is_cancel`, `createTime`, `updateTime`)
VALUES (18, 1, 4, 1, '2023-01-29 21:50:01', '2023-01-29 21:52:14');
INSERT INTO `tiktok`.`likes` (`id`, `user_id`, `video_id`, `is_cancel`, `createTime`, `updateTime`)
VALUES (19, 1, 1, 0, '2023-01-29 21:55:57', '2023-02-02 20:03:50');
INSERT INTO `tiktok`.`likes` (`id`, `user_id`, `video_id`, `is_cancel`, `createTime`, `updateTime`)
VALUES (20, 1, 10, 0, '2023-01-31 17:35:24', '2023-02-02 20:03:54');
INSERT INTO `tiktok`.`likes` (`id`, `user_id`, `video_id`, `is_cancel`, `createTime`, `updateTime`)
VALUES (21, 3, 9, 0, '2023-02-02 20:05:02', '2023-02-02 20:05:02');
INSERT INTO `tiktok`.`likes` (`id`, `user_id`, `video_id`, `is_cancel`, `createTime`, `updateTime`)
VALUES (22, 3, 11, 0, '2023-02-02 20:06:06', '2023-02-02 20:06:06');
#
INSERT INTO `tiktok`.`follows` (`id`, `user_id`, `follower_id`, `cancel`, `createTime`)
VALUES (1, 1, 2, 0, '2023-01-26 18:56:28');
INSERT INTO `tiktok`.`follows` (`id`, `user_id`, `follower_id`, `cancel`, `createTime`)
VALUES (2, 1, 3, 0, '2023-01-26 18:56:47');
INSERT INTO `tiktok`.`follows` (`id`, `user_id`, `follower_id`, `cancel`, `createTime`)
VALUES (3, 1, 4, 0, '2023-01-26 18:57:02');
INSERT INTO `tiktok`.`follows` (`id`, `user_id`, `follower_id`, `cancel`, `createTime`)
VALUES (4, 1, 5, 0, '2023-01-26 18:57:27');
INSERT INTO `tiktok`.`follows` (`id`, `user_id`, `follower_id`, `cancel`, `createTime`)
VALUES (5, 2, 1, 0, '2023-01-26 18:57:51');
INSERT INTO `tiktok`.`follows` (`id`, `user_id`, `follower_id`, `cancel`, `createTime`)
VALUES (6, 2, 3, 0, '2023-01-26 18:58:01');
INSERT INTO `tiktok`.`follows` (`id`, `user_id`, `follower_id`, `cancel`, `createTime`)
VALUES (7, 4, 2, 0, '2023-02-02 21:22:45');
#
INSERT INTO `tiktok`.`comments` (`id`, `user_id`, `video_id`, `text`, `is_cancel`, `createTime`)
VALUES (1, 1, 1, 'test1', 0, '2023-01-30 19:57:06');
INSERT INTO `tiktok`.`comments` (`id`, `user_id`, `video_id`, `text`, `is_cancel`, `createTime`)
VALUES (2, 1, 2, '2', 0, '2023-01-30 19:57:15');
INSERT INTO `tiktok`.`comments` (`id`, `user_id`, `video_id`, `text`, `is_cancel`, `createTime`)
VALUES (3, 2, 1, '2', 0, '2023-01-30 19:57:20');
INSERT INTO `tiktok`.`comments` (`id`, `user_id`, `video_id`, `text`, `is_cancel`, `createTime`)
VALUES (4, 1, 4, '3', 0, '2023-01-30 19:57:26');
INSERT INTO `tiktok`.`comments` (`id`, `user_id`, `video_id`, `text`, `is_cancel`, `createTime`)
VALUES (5, 3, 2, '1', 0, '2023-01-30 19:57:30');
INSERT INTO `tiktok`.`comments` (`id`, `user_id`, `video_id`, `text`, `is_cancel`, `createTime`)
VALUES (6, 1, 3, '3', 0, '2023-01-30 19:57:37');
INSERT INTO `tiktok`.`comments` (`id`, `user_id`, `video_id`, `text`, `is_cancel`, `createTime`)
VALUES (7, 1, 5, '2', 0, '2023-01-30 19:57:43');
INSERT INTO `tiktok`.`comments` (`id`, `user_id`, `video_id`, `text`, `is_cancel`, `createTime`)
VALUES (8, 3, 1, '3', 0, '2023-01-30 19:57:49');
INSERT INTO `tiktok`.`comments` (`id`, `user_id`, `video_id`, `text`, `is_cancel`, `createTime`)
VALUES (9, 2, 3, '2', 0, '2023-01-30 20:22:01');
INSERT INTO `tiktok`.`comments` (`id`, `user_id`, `video_id`, `text`, `is_cancel`, `createTime`)
VALUES (10, 4, 1, '1', 0, '2023-01-30 20:22:10');
INSERT INTO `tiktok`.`comments` (`id`, `user_id`, `video_id`, `text`, `is_cancel`, `createTime`)
VALUES (11, 1, 10, 'test1', 0, '2023-01-31 17:28:22');
INSERT INTO `tiktok`.`comments` (`id`, `user_id`, `video_id`, `text`, `is_cancel`, `createTime`)
VALUES (12, 2, 10, 'test2', 0, '2023-01-31 17:28:39');
INSERT INTO `tiktok`.`comments` (`id`, `user_id`, `video_id`, `text`, `is_cancel`, `createTime`)
VALUES (13, 3, 10, '发布评论', 0, '2023-01-31 18:20:44');
INSERT INTO `tiktok`.`comments` (`id`, `user_id`, `video_id`, `text`, `is_cancel`, `createTime`)
VALUES (14, 3, 2, '发布评论2', 0, '2023-01-31 18:21:07');
INSERT INTO `tiktok`.`comments` (`id`, `user_id`, `video_id`, `text`, `is_cancel`, `createTime`)
VALUES (18, 3, 3, '发布评论3', 0, '2023-01-31 18:49:50');
INSERT INTO `tiktok`.`comments` (`id`, `user_id`, `video_id`, `text`, `is_cancel`, `createTime`)
VALUES (23, 3, 4, 'test', 0, '2023-01-31 19:34:47');
INSERT INTO `tiktok`.`comments` (`id`, `user_id`, `video_id`, `text`, `is_cancel`, `createTime`)
VALUES (24, 3, 5, '测试', 0, '2023-02-01 15:25:17');
