INSERT INTO `tiktok`.`users` (`id`, `name`, `password`)
VALUES (3, 'bowenzhang', '77a90868207689664f244ad398a871fc');
INSERT INTO `tiktok`.`users` (`id`, `name`, `password`)
VALUES (4, 'lichangyuan', '77a90868207689664f244ad398a871fc');
INSERT INTO `tiktok`.`users` (`id`, `name`, `password`)
VALUES (11, 'rantong', '77a90868207689664f244ad398a871fc');
INSERT INTO `tiktok`.`users` (`id`, `name`, `password`)
VALUES (5, 'sunshixin', 'de9ae573b41776f624526219666336d2');
INSERT INTO `tiktok`.`users` (`id`, `name`, `password`)
VALUES (6, 'tandonghang', '77a90868207689664f244ad398a871fc');
INSERT INTO `tiktok`.`users` (`id`, `name`, `password`)
VALUES (14, 'test', '77a90868207689664f244ad398a871fc');
INSERT INTO `tiktok`.`users` (`id`, `name`, `password`)
VALUES (15, 'test2', '77a90868207689664f244ad398a871fc');
INSERT INTO `tiktok`.`users` (`id`, `name`, `password`)
VALUES (7, 'tuzhuangzhuang', '77a90868207689664f244ad398a871fc');
INSERT INTO `tiktok`.`users` (`id`, `name`, `password`)
VALUES (1, 'zhangbowen', '77a90868207689664f244ad398a871fc');
INSERT INTO `tiktok`.`users` (`id`, `name`, `password`)
VALUES (2, 'zhangbowen1', '77a90868207689664f244ad398a871fc');
INSERT INTO `tiktok`.`users` (`id`, `name`, `password`)
VALUES (8, 'zhangchangyueyan', '77a90868207689664f244ad398a871fc');
INSERT INTO `tiktok`.`users` (`id`, `name`, `password`)
VALUES (12, '周子豪', '77a90868207689664f244ad398a871fc');
INSERT INTO `tiktok`.`users` (`id`, `name`, `password`)
VALUES (10, '张博文', '77a90868207689664f244ad398a871fc');
INSERT INTO `tiktok`.`users` (`id`, `name`, `password`)
VALUES (17, '张常越岩', '77a90868207689664f244ad398a871fc');
INSERT INTO `tiktok`.`users` (`id`, `name`, `password`)
VALUES (9, '李常远', '77a90868207689664f244ad398a871fc');
INSERT INTO `tiktok`.`users` (`id`, `name`, `password`)
VALUES (13, '邢政', '77a90868207689664f244ad398a871fc');

INSERT INTO `tiktok`.`videos` (`id`, `author_id`, `play_url`, `cover_url`, `title`, `publish_time`)
VALUES (1, 1, 'https://tiktok-video-1313520634.cos.ap-beijing.myqcloud.com/36924f94fdf64cb3e3cfca3956fa6d9c.mp4',
        'https://tiktok-video-1313520634.cos.ap-beijing.myqcloud.com/36924f94fdf64cb3e3cfca3956fa6d9c.jpg', 'test',
        '2023-02-02 19:49:36');
INSERT INTO `tiktok`.`videos` (`id`, `author_id`, `play_url`, `cover_url`, `title`, `publish_time`)
VALUES (2, 2, 'https://tiktok-video-1313520634.cos.ap-beijing.myqcloud.com/664bc4e86cfae46338056e7ec016555e.mp4',
        'https://tiktok-video-1313520634.cos.ap-beijing.myqcloud.com/664bc4e86cfae46338056e7ec016555e.jpg', 'test',
        '2023-02-02 19:50:58');
INSERT INTO `tiktok`.`videos` (`id`, `author_id`, `play_url`, `cover_url`, `title`, `publish_time`)
VALUES (3, 3, 'https://tiktok-video-1313520634.cos.ap-beijing.myqcloud.com/aefa322953ccc87ffe59525ad1b4e1c0.mp4',
        'https://tiktok-video-1313520634.cos.ap-beijing.myqcloud.com/aefa322953ccc87ffe59525ad1b4e1c0.jpg', 'test',
        '2023-02-02 19:51:42');
INSERT INTO `tiktok`.`videos` (`id`, `author_id`, `play_url`, `cover_url`, `title`, `publish_time`)
VALUES (4, 4, 'https://tiktok-video-1313520634.cos.ap-beijing.myqcloud.com/b31512aa2916f3ab484f8a4be569a0fa.mp4',
        'https://tiktok-video-1313520634.cos.ap-beijing.myqcloud.com/b31512aa2916f3ab484f8a4be569a0fa.jpg', 'test',
        '2023-02-02 19:51:49');
INSERT INTO `tiktok`.`videos` (`id`, `author_id`, `play_url`, `cover_url`, `title`, `publish_time`)
VALUES (5, 5, 'https://tiktok-video-1313520634.cos.ap-beijing.myqcloud.com/a1da2b17a124aa88d0134d75d3983b5f.mp4',
        'https://tiktok-video-1313520634.cos.ap-beijing.myqcloud.com/a1da2b17a124aa88d0134d75d3983b5f.jpg', 'test',
        '2023-02-02 19:51:56');
INSERT INTO `tiktok`.`videos` (`id`, `author_id`, `play_url`, `cover_url`, `title`, `publish_time`)
VALUES (6, 2, 'https://tiktok-video-1313520634.cos.ap-beijing.myqcloud.com/dad18708c59804da1f3abb996cb56770.mp4',
        'https://tiktok-video-1313520634.cos.ap-beijing.myqcloud.com/dad18708c59804da1f3abb996cb56770.jpg', 'test',
        '2023-02-02 19:52:00');
INSERT INTO `tiktok`.`videos` (`id`, `author_id`, `play_url`, `cover_url`, `title`, `publish_time`)
VALUES (7, 1, 'https://tiktok-video-1313520634.cos.ap-beijing.myqcloud.com/1675682358.mp4',
        'https://tiktok-video-1313520634.cos.ap-beijing.myqcloud.com/1675682358.jpg', 'test', '2023-02-02 19:52:04');
INSERT INTO `tiktok`.`videos` (`id`, `author_id`, `play_url`, `cover_url`, `title`, `publish_time`)
VALUES (8, 2, 'https://tiktok-video-1313520634.cos.ap-beijing.myqcloud.com/bea309f6840bee5d95c233616b3f1f34.mp4',
        'https://tiktok-video-1313520634.cos.ap-beijing.myqcloud.com/bea309f6840bee5d95c233616b3f1f34.jpg', 'test',
        '2023-02-02 19:52:09');
INSERT INTO `tiktok`.`videos` (`id`, `author_id`, `play_url`, `cover_url`, `title`, `publish_time`)
VALUES (9, 3, 'https://tiktok-video-1313520634.cos.ap-beijing.myqcloud.com/dbd19a6cba6bcf02027613b4caefdce8.mp4',
        'https://tiktok-video-1313520634.cos.ap-beijing.myqcloud.com/dbd19a6cba6bcf02027613b4caefdce8.jpg', 'test',
        '2023-02-02 19:52:38');
INSERT INTO `tiktok`.`videos` (`id`, `author_id`, `play_url`, `cover_url`, `title`, `publish_time`)
VALUES (10, 5, 'https://tiktok-video-1313520634.cos.ap-beijing.myqcloud.com/b29672e25430abc8eb31daecda52b8cb.mp4',
        'https://tiktok-video-1313520634.cos.ap-beijing.myqcloud.com/b29672e25430abc8eb31daecda52b8cb.jpg', 'test',
        '2023-02-02 19:52:43');
INSERT INTO `tiktok`.`videos` (`id`, `author_id`, `play_url`, `cover_url`, `title`, `publish_time`)
VALUES (11, 1, 'https://tiktok-video-1313520634.cos.ap-beijing.myqcloud.com/1671fadf2ac23fed56996c3dc935ce92.mp4',
        'https://tiktok-video-1313520634.cos.ap-beijing.myqcloud.com/1671fadf2ac23fed56996c3dc935ce92.jpg', 'test',
        '2023-02-02 19:52:47');
INSERT INTO `tiktok`.`videos` (`id`, `author_id`, `play_url`, `cover_url`, `title`, `publish_time`)
VALUES (12, 11, 'https://tiktok-video-1313520634.cos.ap-beijing.myqcloud.com/V30203-123620.mp4',
        'https://tiktok-video-1313520634.cos.ap-beijing.myqcloud.com/V30203-123620.jpg', '124578',
        '2023-02-03 12:45:58');
INSERT INTO `tiktok`.`videos` (`id`, `author_id`, `play_url`, `cover_url`, `title`, `publish_time`)
VALUES (13, 4, 'https://tiktok-video-1313520634.cos.ap-beijing.myqcloud.com/安欣霸凌高启强-哔哩哔哩_302651035.mp4',
        'https://tiktok-video-1313520634.cos.ap-beijing.myqcloud.com/安欣霸凌高启强-哔哩哔哩_302651035.jpg', '高启强',
        '2023-02-04 18:36:05');
INSERT INTO `tiktok`.`videos` (`id`, `author_id`, `play_url`, `cover_url`, `title`, `publish_time`)
VALUES (14, 9, 'https://tiktok-video-1313520634.cos.ap-beijing.myqcloud.com/1675658873.mp4',
        'https://tiktok-video-1313520634.cos.ap-beijing.myqcloud.com/1675658873.jpg', '维利维亚',
        '2023-02-06 12:47:55');
INSERT INTO `tiktok`.`videos` (`id`, `author_id`, `play_url`, `cover_url`, `title`, `publish_time`)
VALUES (15, 9, 'https://tiktok-video-1313520634.cos.ap-beijing.myqcloud.com/1675685888.mp4',
        'https://tiktok-video-1313520634.cos.ap-beijing.myqcloud.com/1675685888.jpg', 'girl', '2023-02-06 20:18:09');

-- like 表与 redis 缓存交互 这里不插入数据

INSERT INTO `tiktok`.`follows` (`id`, `user_id`, `follower_id`, `cancel`, `createTime`)
VALUES (34, 1, 9, 0, '2023-02-21 17:16:26');
INSERT INTO `tiktok`.`follows` (`id`, `user_id`, `follower_id`, `cancel`, `createTime`)
VALUES (35, 1, 2, 0, '2023-02-21 17:44:27');
INSERT INTO `tiktok`.`follows` (`id`, `user_id`, `follower_id`, `cancel`, `createTime`)
VALUES (36, 9, 1, 0, '2023-02-21 17:45:20');
INSERT INTO `tiktok`.`follows` (`id`, `user_id`, `follower_id`, `cancel`, `createTime`)
VALUES (37, 9, 5, 0, '2023-02-21 17:50:01');
INSERT INTO `tiktok`.`follows` (`id`, `user_id`, `follower_id`, `cancel`, `createTime`)
VALUES (38, 9, 4, 0, '2023-02-21 17:50:21');
INSERT INTO `tiktok`.`follows` (`id`, `user_id`, `follower_id`, `cancel`, `createTime`)
VALUES (39, 11, 9, 0, '2023-02-21 17:52:01');
INSERT INTO `tiktok`.`follows` (`id`, `user_id`, `follower_id`, `cancel`, `createTime`)
VALUES (40, 11, 5, 0, '2023-02-21 17:52:13');
INSERT INTO `tiktok`.`follows` (`id`, `user_id`, `follower_id`, `cancel`, `createTime`)
VALUES (41, 11, 4, 0, '2023-02-21 17:52:13');
INSERT INTO `tiktok`.`follows` (`id`, `user_id`, `follower_id`, `cancel`, `createTime`)
VALUES (42, 14, 2, 0, '2023-02-21 17:53:19');
INSERT INTO `tiktok`.`follows` (`id`, `user_id`, `follower_id`, `cancel`, `createTime`)
VALUES (43, 14, 1, 0, '2023-02-21 17:53:32');
INSERT INTO `tiktok`.`follows` (`id`, `user_id`, `follower_id`, `cancel`, `createTime`)
VALUES (44, 14, 3, 0, '2023-02-21 17:53:38');
INSERT INTO `tiktok`.`follows` (`id`, `user_id`, `follower_id`, `cancel`, `createTime`)
VALUES (45, 10, 9, 0, '2023-02-21 18:42:49');

INSERT INTO `tiktok`.`comments` (`id`, `user_id`, `video_id`, `text`, `is_cancel`, `createTime`)
VALUES (48, 1, 15, '太美了哈哈', 0, '2023-02-21 17:19:31');
INSERT INTO `tiktok`.`comments` (`id`, `user_id`, `video_id`, `text`, `is_cancel`, `createTime`)
VALUES (49, 9, 15, '自己发的*哈哈', 0, '2023-02-21 17:48:08');

INSERT INTO `tiktok`.`messages` (`id`, `user_id`, `to_user_id`, `content`, `is_withdraw`, `createTime`)
VALUES (22, 1, 9, '测试', 0, 1676976129);
